<?xml version="1.0" encoding="UTF-8" ?>
<!DOCTYPE mapper
  PUBLIC "-//mybatis.org//DTD Mapper 3.0//EN"
  "http://mybatis.org/dtd/mybatis-3-mapper.dtd">
  
  <!-- 	BNO = id, TITLE = 이름, WRITER = 이메일, CONTENT = 센서별 그래프 --> 
<mapper namespace="org.zerock.mapper.BoardMapper">

	<sql id="criteria">
		<trim prefix="(" suffix=") AND " prefixOverrides="OR">
			<foreach item='type' collection="typeArr">
				<trim prefix="OR">
					<choose>
						<when test="type == 'I'.toString()">
							ID like CONCAT(‘%’, #{keyword}, ‘%’)			<!-- 오라클은 '%'||#{keyword}||'%' -->
						</when>
						<when test="type == 'U'.toString()">
							Username like CONCAT(‘%’, #{keyword}, ‘%’)	<!-- MySql은 옆에 구문 -->
						</when>
						<when test="type == 'S'.toString()">
							Serialnum like CONCAT(‘%’, #{keyword}, ‘%’)	
						</when>
					</choose>
				</trim>
			</foreach>
		</trim>
	</sql>

	<select id="getList" resultType="org.zerock.domain.BoardVO">
	<![CDATA[
		select * from memberinfo where
		seq <= 10
		]]>
	</select>

	<insert id="insert">
		insert into memberinfo (id,username,Email)
		values (seq_board.nextval, #{username}, #{Email})
	</insert>

	<insert id="insertSelectKey">
		<selectKey keyProperty="id" order="BEFORE"	resultType="long">
			select seq_board.nextval from dual
		</selectKey>

		insert into memberinfo (id,username,Email)
		values (#{id},
		#{username}, #{Email})
	</insert>

	<select id="read" resultType="org.zerock.domain.BoardVO">
		select * from memberinfo where id =	#{id}
	</select>


	<delete id="delete">
		delete memberinfo where id = #{id}
	</delete>
	
	<!-- 	<update id="update">
		update memberinfo
		set username= #{username},
		content=#{content},
		Email = #{Email},
		updateDate = sysdate
		where id = #{id}
	</update>


<select id="getListWithPaging"
    resultType="org.zerock.domain.BoardVO">
  <![CDATA[
   select 
     id, username, Email, serialnum, updatedate
   from 
       (
       select /*+INDEX_DESC(memberinfo pk_board) */
         rownum rn, id, username, Email, serialnum
       from 
         memberinfo
      where rownum <= #{pageNum} * #{amount}
      )
  where rn > (#{pageNum} -1) * #{amount}   
 
  ]]>
  </select> 
  
-->
 <select id="getListWithPaging" resultType="org.zerock.domain.BoardVO">
  <![CDATA[
  select 
     id, username, Email, serialnum
   from 
       (
       select /*+INDEX_DESC(memberinfo pk_board) */
         seq, id, username, Email, serialnum
       from 
         memberinfo
      where 
  ]]>

  <include refid="criteria"></include> 
      
  <![CDATA[    
      SEQ <= #{pageNum} * #{amount}
      )CNT
  where seq > (#{pageNum} -1) * #{amount}   
  ]]>
  </select>

  
  

  <select id="getTotalCount" resultType="int">
  select count(*) from memberinfo where 
  
  <include refid="criteria"></include>   
  seq > 0  
  </select>

</mapper>
